like1,parx,pary,parz,simulation_0,chain
-inf,-1.062,6.688,-2.81,inf,1.0
-inf,4.902,4.062,-9.805,inf,1.0
-11496.0,2.842,-2.33,7.973,11496.0,1.0
-inf,1.723,-5.652,1.954,inf,1.0
-inf,8.34,3.496,3.486,inf,1.0
-8600.0,1.008,-3.268,2.467,8600.0,1.0
-inf,-0.3984,-6.227,2.5,inf,1.0
-inf,6.645,-0.782,-1.672,inf,1.0
-inf,-6.3,-6.156,1.163,inf,1.0
-inf,6.723,-9.2,0.3892,inf,1.0
-inf,2.21,8.73,-9.62,inf,1.0
-inf,-5.98,7.836,4.477,inf,1.0
-inf,-4.145,5.586,-9.055,inf,1.0
-inf,4.418,-2.57,-7.66,inf,1.0
-inf,-6.99,-4.625,4.74,inf,1.0
-101.25,-1.052,1.343,2.76,101.25,1.0
-18080.0,1.825,-4.035,5.066,18080.0,1.0
-inf,6.98,-0.8794,4.324,inf,1.0
-inf,9.06,7.992,4.695,inf,1.0
-inf,6.445,-9.22,-0.705,inf,1.0
-inf,8.5,0.765,1.788,inf,1.0
-inf,-9.49,-1.687,-3.82,inf,1.0
-inf,-6.086,-4.906,-0.881,inf,1.0
-37600.0,-4.75,3.88,9.914,37600.0,1.0
-32620.0,-3.62,-1.286,-9.26,32620.0,1.0
-10056.0,3.104,-0.3362,-0.903,10056.0,1.0
-inf,-8.76,-9.76,-2.572,inf,1.0
-inf,-5.07,-5.977,3.232,inf,1.0
-inf,-8.72,-7.637,-2.703,inf,1.0
-inf,-4.03,-4.83,2.842,inf,1.0
-inf,-4.79,-7.82,1.588,inf,1.0
-inf,1.48,6.816,-0.8486,inf,1.0
-inf,-7.83,0.3164,-9.14,inf,1.0
-inf,-2.629,7.793,0.938,inf,1.0
-inf,1.6875,7.832,3.938,inf,1.0
-inf,5.527,-3.99,-3.24,inf,1.0
-inf,6.383,7.656,1.338,inf,1.0
-inf,-8.92,-1.348,-0.6987,inf,1.0
-inf,7.715,0.96,8.44,inf,1.0
-inf,8.09,3.451,5.586,inf,1.0
-inf,6.617,1.269,1.471,inf,1.0
-inf,-7.305,-5.855,-2.678,inf,1.0
-inf,6.76,-1.797,-5.184,inf,1.0
-inf,5.71,-9.99,3.408,inf,1.0
-inf,9.21,6.156,7.664,inf,1.0
-inf,2.379,9.484,-5.58,inf,1.0
-17330.0,-3.23,-0.7246,-6.445,17330.0,1.0
-inf,6.445,-6.992,6.477,inf,1.0
-inf,-7.812,-1.097,1.712,inf,1.0
-962.0,1.254,2.254,8.1,962.0,1.0
-inf,2.04,-7.375,4.133,inf,1.0
-inf,-8.13,-6.07,5.43,inf,1.0
-inf,8.34,-8.57,0.987,inf,1.0
-46370.0,-4.074,3.016,-7.617,46370.0,1.0
-36160.0,4.285,-0.403,3.215,36160.0,1.0
-inf,-6.49,4.43,-0.10443,inf,1.0
-inf,8.875,-8.56,-0.13,inf,1.0
-inf,0.386,9.28,3.021,inf,1.0
-inf,7.305,1.215,-8.336,inf,1.0
-inf,9.125,-2.473,-0.2568,inf,1.0
-32930.0,3.465,4.86,6.94,32930.0,1.0
-8820.0,-1.938,-1.352,-6.047,8820.0,1.0
-inf,5.742,-0.795,5.996,inf,1.0
-inf,-4.695,-7.52,4.684,inf,1.0
-inf,-7.934,-9.99,9.53,inf,1.0
-inf,-1.825,5.113,-5.145,inf,1.0
-40260.0,3.06,-3.562,-2.65,40260.0,1.0
-inf,1.529,5.457,-6.953,inf,1.0
-inf,9.16,8.71,3.7,inf,1.0
-inf,-1.899,4.98,-2.158,inf,1.0
-56350.0,0.2449,5.633,8.64,56350.0,1.0
-inf,4.465,-2.703,-5.457,inf,1.0
-35230.0,4.344,1.311,8.305,35230.0,1.0
-inf,-3.057,-4.992,1.057,inf,1.0
-inf,1.736,4.684,-6.64,inf,1.0
-17440.0,-3.303,-2.18,6.383,17440.0,1.0
-7760.0,-3.312,3.365,6.902,7760.0,1.0
-inf,5.93,-2.895,-8.41,inf,1.0
-inf,-7.223,2.342,3.379,inf,1.0
-inf,3.375,6.137,5.258,inf,1.0
-inf,-5.953,-5.19,-1.962,inf,1.0
-inf,-8.06,-7.297,8.18,inf,1.0
-inf,9.93,9.24,-3.895,inf,1.0
-inf,-2.393,8.89,-2.578,inf,1.0
-inf,-7.43,-6.555,-8.67,inf,1.0
-inf,-3.557,-5.54,-6.89,inf,1.0
-inf,2.922,-8.266,-3.645,inf,1.0
-inf,7.395,3.445,8.14,inf,1.0
-inf,-1.324,-8.5,-8.84,inf,1.0
-inf,-2.209,-8.04,6.555,inf,1.0
-inf,-7.19,-5.31,1.733,inf,1.0
-inf,1.189,7.273,-6.793,inf,1.0
-inf,-5.164,-7.63,2.627,inf,1.0
-inf,8.09,-8.29,-9.5,inf,1.0
-50400.0,4.594,4.69,6.715,50400.0,1.0
-34620.0,1.849,-3.697,-3.512,34620.0,1.0
-inf,-5.98,5.89,1.868,inf,1.0
-inf,8.766,-2.037,1.0205,inf,1.0
-35170.0,-4.312,1.167,-5.53,35170.0,1.0
-inf,-3.229,-4.754,-4.547,inf,1.0
-inf,3.053,9.48,-3.742,inf,1.0
-inf,-9.55,-0.09033,5.285,inf,1.0
-inf,-8.84,-9.91,6.95,inf,1.0
-inf,-5.28,-1.3125,-5.33,inf,1.0
-inf,-5.94,-7.1,3.137,inf,1.0
-inf,5.69,-6.03,-5.43,inf,1.0
-inf,0.951,7.215,4.703,inf,1.0
-inf,9.055,8.586,8.91,inf,1.0
-inf,-5.082,-0.4817,3.137,inf,1.0
-15600.0,-2.27,-1.081,-9.65,15600.0,1.0
-4756.0,-0.3953,0.5347,7.17,4756.0,1.0
-25970.0,-3.328,-2.562,-1.989,25970.0,1.0
-inf,3.732,-6.91,-0.7153,inf,1.0
-inf,1.808,9.41,6.58,inf,1.0
-inf,-7.414,8.36,-6.152,inf,1.0
-inf,1.031,7.914,2.65,inf,1.0
-inf,-5.91,4.633,2.85,inf,1.0
-inf,-7.008,-1.176,8.28,inf,1.0
-inf,1.605,4.664,-6.406,inf,1.0
-9896.0,-2.871,-0.5107,4.96,9896.0,1.0
-47360.0,0.9478,-4.016,-5.08,47360.0,1.0
-inf,-7.984,-7.375,-0.1821,inf,1.0
-inf,9.45,-1.176,8.195,inf,1.0
-inf,5.04,-7.7,0.4988,inf,1.0
-inf,9.64,-4.35,-5.258,inf,1.0
-inf,8.45,0.681,1.529,inf,1.0
-inf,-5.504,-3.033,-2.1,inf,1.0
-inf,3.463,8.375,-7.2,inf,1.0
-inf,5.598,0.5737,-6.586,inf,1.0
-inf,9.875,8.99,-3.57,inf,1.0
-inf,-9.89,9.84,-9.65,inf,1.0
-inf,-2.242,-6.637,8.62,inf,1.0
-3942.0,-1.743,3.174,3.8,3942.0,1.0
-inf,-7.547,7.805,8.8,inf,1.0
-inf,5.742,-1.934,6.582,inf,1.0
-inf,5.41,-6.285,5.816,inf,1.0
-59680.0,4.195,4.05,-3.906,59680.0,1.0
-inf,-5.195,-5.28,-6.312,inf,1.0
-inf,-6.87,3.602,4.984,inf,1.0
-4020.0,-2.166,-1.38,0.1154,4020.0,1.0
-inf,6.953,-0.06192,0.4355,inf,1.0
-inf,-3.484,7.84,-3.11,inf,1.0
-inf,0.528,7.0,6.496,inf,1.0
-9720.0,-1.947,-0.954,-7.727,9720.0,1.0
-inf,4.523,6.254,8.63,inf,1.0
-inf,7.695,-8.92,6.324,inf,1.0
-inf,3.562,-6.457,-9.69,inf,1.0
-inf,5.816,6.543,9.27,inf,1.0
-inf,-2.865,9.42,-9.61,inf,1.0
-inf,2.781,-9.125,4.887,inf,1.0
-inf,-9.94,-7.29,1.815,inf,1.0
-inf,3.352,-5.047,-1.462,inf,1.0
-inf,6.87,3.963,-3.672,inf,1.0
-inf,-7.195,-4.23,-6.67,inf,1.0
-inf,-5.52,3.941,-3.754,inf,1.0
-inf,-5.676,-1.369,2.072,inf,1.0
-32580.0,0.1433,-4.656,4.246,32580.0,1.0
-inf,0.726,4.492,-6.895,inf,1.0
-inf,5.113,6.66,-5.027,inf,1.0
-inf,5.785,-5.984,6.855,inf,1.0
-inf,7.254,-1.551,8.85,inf,1.0
-37730.0,4.72,2.85,8.29,37730.0,1.0
-inf,9.9,-9.57,0.2817,inf,1.0
-12330.0,0.8286,-1.236,-9.41,12330.0,1.0
-inf,-3.918,-8.17,-5.992,inf,1.0
-inf,-0.9897,9.83,-1.225,inf,1.0
-24900.0,-1.452,-3.771,-0.413,24900.0,1.0
-inf,5.543,-9.92,-7.77,inf,1.0
-inf,-6.37,5.43,0.02206,inf,1.0
-inf,3.998,8.72,3.752,inf,1.0
-7550.0,-3.305,2.268,4.52,7550.0,1.0
-inf,0.707,-4.293,-9.086,inf,1.0
-inf,-6.39,9.08,-9.34,inf,1.0
-7180.0,2.398,-2.166,1.696,7180.0,1.0
-inf,3.596,4.348,-9.945,inf,1.0
-inf,-5.977,-8.83,0.4949,inf,1.0
-inf,-8.12,-6.918,-4.855,inf,1.0
-inf,-7.168,8.805,0.644,inf,1.0
-39650.0,-4.156,-0.0895,9.734,39650.0,1.0
-inf,-5.863,7.27,-5.56,inf,1.0
-inf,-1.304,-6.22,-9.1,inf,1.0
-inf,1.59,6.74,8.69,inf,1.0
-inf,-9.15,-4.477,9.03,inf,1.0
-inf,1.232,-6.18,-6.95,inf,1.0
-inf,-6.062,-8.695,-3.012,inf,1.0
-inf,7.105,-8.484,3.166,inf,1.0
-inf,-7.12,3.186,-4.754,inf,1.0
-inf,-7.9,8.05,6.523,inf,1.0
-inf,-2.988,-7.133,9.305,inf,1.0
-inf,7.094,3.428,1.613,inf,1.0
-inf,-7.93,7.113,0.791,inf,1.0
-inf,7.01,-9.64,2.49,inf,1.0
-inf,-7.63,-2.857,3.16,inf,1.0
-inf,-5.543,-0.8013,-3.836,inf,1.0
-inf,6.805,3.605,5.74,inf,1.0
-988.0,-1.262,3.002,6.22,988.0,1.0
-inf,-0.2622,7.586,9.31,inf,1.0
-inf,-9.94,-6.97,0.36,inf,1.0
-inf,0.274,7.895,3.05,inf,1.0
-inf,-2.865,-5.96,-4.516,inf,1.0
-inf,-4.906,-3.494,7.26,inf,1.0
-38700.0,2.832,-4.523,5.33,38700.0,1.0
-inf,4.355,-7.375,0.1719,inf,1.0
-inf,-5.492,-9.45,-8.695,inf,1.0
-inf,-5.723,-8.71,1.84,inf,1.0
-17890.0,-2.842,-3.635,6.79,17890.0,1.0
-inf,-9.79,0.0663,8.945,inf,1.0
-inf,-2.24,-9.11,-9.836,inf,1.0
-inf,-0.945,5.75,0.1311,inf,1.0
-inf,7.75,9.61,1.669,inf,1.0
-inf,7.81,-0.2312,-5.613,inf,1.0
-inf,9.72,3.377,-9.94,inf,1.0
-3348.0,1.624,-1.731,6.78,3348.0,1.0
-inf,0.5156,9.29,-6.21,inf,1.0
-inf,5.086,-1.612,3.482,inf,1.0
-inf,-8.484,-4.715,-5.72,inf,1.0
-inf,8.05,-0.622,-4.41,inf,1.0
-inf,6.203,-5.566,8.05,inf,1.0
-17730.0,-0.1268,4.434,7.086,17730.0,1.0
-inf,2.557,9.19,1.153,inf,1.0
-inf,-9.32,-2.465,-7.508,inf,1.0
-inf,-9.79,-3.324,4.324,inf,1.0
-inf,-1.139,-9.8,-9.69,inf,1.0
-inf,-8.53,-7.473,-8.66,inf,1.0
-7756.0,2.584,-0.9927,5.31,7756.0,1.0
-inf,1.0,8.25,-5.895,inf,1.0
-inf,-7.605,8.484,8.36,inf,1.0
-inf,-4.633,-8.875,-9.01,inf,1.0
-inf,-8.664,-9.85,1.702,inf,1.0
-41600.0,4.285,0.04105,8.93,41600.0,1.0
-inf,7.473,3.271,0.182,inf,1.0
-inf,-7.812,7.47,5.117,inf,1.0
-12660.0,-2.79,-0.1941,7.96,12660.0,1.0
-inf,-8.28,-7.96,6.85,inf,1.0
-inf,9.75,-3.055,-6.28,inf,1.0
-47200.0,2.762,-4.887,6.14,47200.0,1.0
-6576.0,1.016,-1.007,-6.832,6576.0,1.0
-inf,-6.137,2.586,-9.45,inf,1.0
-6970.0,2.277,1.258,8.945,6970.0,1.0
-6116.0,2.514,1.194,-4.48,6116.0,1.0
-inf,-9.82,4.93,-9.35,inf,1.0
-inf,9.164,-2.07,8.76,inf,1.0
-inf,-7.656,-5.465,-7.332,inf,1.0
-inf,-5.95,0.8677,-8.34,inf,1.0
-inf,-9.984,1.021,6.76,inf,1.0
-inf,-5.93,-1.089,2.047,inf,1.0
-inf,-6.727,8.414,9.195,inf,1.0
-inf,6.54,-3.88,-7.227,inf,1.0
-44670.0,3.377,-4.438,5.734,44670.0,1.0
-inf,-9.76,1.629,-9.625,inf,1.0
-inf,-6.965,-6.793,1.114,inf,1.0
-inf,7.7,-0.6733,4.598,inf,1.0
-inf,6.164,-8.664,-7.035,inf,1.0
-inf,5.363,7.867,5.742,inf,1.0
-inf,5.223,-2.326,0.9907,inf,1.0
-64000.0,-3.338,5.254,3.025,64000.0,1.0
-58200.0,-4.484,3.332,-6.234,58200.0,1.0
-inf,4.957,-7.812,-3.445,inf,1.0
-inf,9.83,-4.32,3.46,inf,1.0
-inf,7.598,1.316,-2.723,inf,1.0
-49700.0,-0.963,-5.043,3.959,49700.0,1.0
-inf,9.29,-0.639,-9.38,inf,1.0
-inf,-8.28,0.08685,-8.42,inf,1.0
-inf,-6.5,-5.03,-9.58,inf,1.0
-inf,7.668,-4.97,-6.297,inf,1.0
-inf,6.51,5.594,7.777,inf,1.0
-inf,-3.52,-4.63,-7.09,inf,1.0
-inf,0.596,-5.02,-2.363,inf,1.0
-inf,2.41,9.2,-6.625,inf,1.0
-inf,-5.562,-2.512,6.54,inf,1.0
-inf,-7.71,-4.676,-9.32,inf,1.0
-inf,4.617,7.555,4.227,inf,1.0
-418.0,0.2399,2.031,3.605,418.0,1.0
-4270.0,2.342,-1.05,1.212,4270.0,1.0
-2468.0,-1.432,0.2483,4.684,2468.0,1.0
-17550.0,-2.484,3.701,0.6865,17550.0,1.0
-inf,-2.652,4.53,-7.668,inf,1.0
-inf,7.36,-9.68,-2.703,inf,1.0
-inf,-2.328,9.86,1.824,inf,1.0
-inf,-1.56,-8.984,-2.918,inf,1.0
-inf,8.31,4.168,4.156,inf,1.0
-inf,9.96,-5.324,-3.117,inf,1.0
-449.5,-0.02414,1.954,4.63,449.5,1.0
-inf,7.465,7.863,0.0693,inf,1.0
-2418.0,1.887,1.318,6.113,2418.0,1.0
-3822.0,-1.614,1.454,8.18,3822.0,1.0
-inf,2.742,9.81,7.9,inf,1.0
-inf,6.79,5.473,2.967,inf,1.0
-44160.0,-4.35,2.996,-4.69,44160.0,1.0
-25780.0,2.725,-3.13,-2.283,25780.0,1.0
-inf,-4.797,-6.188,1.221,inf,1.0
-9080.0,-3.053,0.8716,-3.621,9080.0,1.0
-inf,2.43,6.902,-7.484,inf,1.0
-27660.0,3.652,-0.84,-7.973,27660.0,1.0
-inf,5.867,-0.432,-9.375,inf,1.0
-492.5,1.555,0.8955,2.416,492.5,1.0
-inf,0.1349,-7.316,6.73,inf,1.0
-inf,4.7,-6.707,8.65,inf,1.0
-inf,-1.022,-6.934,-7.02,inf,1.0
-inf,-7.258,-2.627,6.246,inf,1.0
-inf,7.465,-1.645,-8.01,inf,1.0
-37380.0,-3.71,5.08,8.53,37380.0,1.0
-inf,-8.88,8.875,7.355,inf,1.0
-inf,-5.586,3.54,0.829,inf,1.0
-inf,-6.816,6.656,2.885,inf,1.0
-39550.0,-4.586,1.279,3.941,39550.0,1.0
-inf,-4.023,-8.01,0.6562,inf,1.0
-inf,5.062,-0.1158,-4.008,inf,1.0
-inf,-6.227,-7.6,-0.951,inf,1.0
-inf,-6.598,-7.613,-2.611,inf,1.0
-4812.0,-2.326,-0.8164,-2.371,4812.0,1.0
-inf,1.22,5.895,-8.71,inf,1.0
-inf,-9.11,-2.047,-9.22,inf,1.0
-inf,8.74,-0.801,-8.266,inf,1.0
-12984.0,-0.553,-2.955,-2.182,12984.0,1.0
-inf,-9.82,-4.02,-5.793,inf,1.0
-50850.0,4.504,-1.742,-1.675,50850.0,1.0
-52480.0,4.832,2.377,-3.543,52480.0,1.0
-inf,9.64,4.137,-2.723,inf,1.0
-inf,2.393,-5.387,-2.03,inf,1.0
-inf,0.523,-9.266,-3.305,inf,1.0
-48400.0,-3.012,-3.348,-6.938,48400.0,1.0
-inf,7.797,9.695,0.969,inf,1.0
-41020.0,4.652,1.958,8.625,41020.0,1.0
-inf,-7.44,5.09,1.528,inf,1.0
-23550.0,3.812,-0.808,0.4375,23550.0,1.0
-inf,-9.164,-7.7,-2.162,inf,1.0
-20300.0,-3.432,-0.892,-5.715,20300.0,1.0
-inf,-3.697,-9.484,-9.12,inf,1.0
-inf,-9.414,0.5605,-3.473,inf,1.0
-inf,-9.05,0.9277,6.457,inf,1.0
-5530.0,2.01,3.48,4.703,5530.0,1.0
-inf,-1.451,9.15,-6.41,inf,1.0
-inf,8.56,2.719,-2.674,inf,1.0
-inf,9.48,0.385,6.895,inf,1.0
-53700.0,-1.636,-5.043,3.572,53700.0,1.0
-inf,-6.22,7.78,8.37,inf,1.0
-inf,6.742,-9.78,-6.99,inf,1.0
-inf,-2.559,-5.566,0.643,inf,1.0
-inf,9.79,-9.96,-0.763,inf,1.0
-inf,-8.87,-0.235,-3.246,inf,1.0
-inf,0.47,7.492,-4.125,inf,1.0
-inf,5.664,-7.17,6.91,inf,1.0
-inf,1.941,5.242,-4.344,inf,1.0
-inf,-3.154,-7.855,0.9805,inf,1.0
-inf,4.875,-3.64,-0.007496,inf,1.0
-inf,-2.19,8.73,5.434,inf,1.0
-inf,4.86,-4.324,3.43,inf,1.0
-inf,5.59,-1.996,4.586,inf,1.0
-inf,6.31,1.559,9.95,inf,1.0
-inf,1.593,-7.04,4.977,inf,1.0
-inf,-7.527,8.86,-8.31,inf,1.0
-inf,0.536,5.812,8.57,inf,1.0
-55140.0,4.566,-1.224,9.484,55140.0,1.0
-inf,6.85,7.918,-9.57,inf,1.0
-38100.0,0.778,5.207,8.16,38100.0,1.0
-inf,-5.52,-6.504,7.785,inf,1.0
-inf,-9.92,3.557,-7.816,inf,1.0
-inf,-8.29,-1.075,-6.273,inf,1.0
-1389.0,0.9873,-2.701,7.777,1389.0,1.0
-inf,6.266,0.803,2.686,inf,1.0
-inf,-2.564,-9.695,2.477,inf,1.0
-inf,8.53,-0.714,-5.4,inf,1.0
-inf,-7.816,-1.243,5.223,inf,1.0
-inf,-8.29,7.844,-8.11,inf,1.0
-inf,5.97,1.287,4.785,inf,1.0
-36220.0,4.242,0.00785,-6.234,36220.0,1.0
-inf,9.5,3.492,7.105,inf,1.0
-45150.0,4.848,2.264,5.617,45150.0,1.0
-inf,-7.61,9.44,-8.734,inf,1.0
-inf,2.797,6.277,3.602,inf,1.0
-inf,6.875,-4.188,-0.744,inf,1.0
-inf,2.652,-8.34,0.5474,inf,1.0
-inf,-5.1,9.78,8.65,inf,1.0
-inf,6.69,-5.355,5.297,inf,1.0
-inf,-3.992,6.883,1.842,inf,1.0
-inf,8.44,2.256,-6.477,inf,1.0
-61760.0,-5.246,2.705,5.87,61760.0,1.0
-inf,7.473,-1.045,-7.34,inf,1.0
-inf,-6.344,-7.734,3.13,inf,1.0
-inf,-4.504,6.695,5.902,inf,1.0
-50020.0,3.348,5.29,6.43,50020.0,1.0
-inf,0.2927,8.164,-2.879,inf,1.0
-inf,8.5,6.56,5.375,inf,1.0
-inf,8.55,-9.35,4.113,inf,1.0
-6840.0,-2.232,-2.38,9.41,6840.0,1.0
-inf,8.22,6.63,4.75,inf,1.0
-inf,-6.336,-0.2399,-9.38,inf,1.0
-inf,9.65,-4.49,-0.2091,inf,1.0
-34340.0,-3.91,3.63,-1.211,34340.0,1.0
-inf,0.7324,-7.08,2.168,inf,1.0
-inf,-7.66,-6.82,7.656,inf,1.0
-inf,6.883,2.064,-8.01,inf,1.0
-inf,-6.957,7.316,-0.014145,inf,1.0
-inf,-5.785,-9.41,6.17,inf,1.0
-inf,-5.652,5.453,-6.9,inf,1.0
-inf,-2.969,9.84,7.72,inf,1.0
-inf,-7.023,3.672,3.135,inf,1.0
-inf,-7.42,-7.996,-0.2146,inf,1.0
-inf,5.484,-2.693,3.44,inf,1.0
-inf,7.3,1.323,6.324,inf,1.0
-16350.0,-1.783,4.15,4.465,16350.0,1.0
-inf,3.262,6.246,8.65,inf,1.0
-inf,-4.957,-3.314,1.366,inf,1.0
-inf,6.023,-4.895,2.707,inf,1.0
-inf,7.508,-0.9233,6.508,inf,1.0
-inf,7.54,5.125,-9.24,inf,1.0
-1701.0,2.31,2.242,2.309,1701.0,1.0
-inf,8.76,5.246,-6.125,inf,1.0
-inf,-8.445,-2.977,0.9307,inf,1.0
-7476.0,-0.754,0.03278,-8.625,7476.0,1.0
-inf,0.509,-6.77,0.3887,inf,1.0
-inf,-4.918,-9.04,8.65,inf,1.0
-22850.0,-3.791,2.814,-1.812,22850.0,1.0
-inf,-8.2,0.831,3.533,inf,1.0
-inf,5.008,-1.257,-7.39,inf,1.0
-63400.0,-4.727,-2.812,8.94,63400.0,1.0
-inf,6.27,0.536,-4.484,inf,1.0
-inf,-9.7,-0.4783,2.023,inf,1.0
-20800.0,3.523,-0.825,6.383,20800.0,1.0
-inf,9.36,8.04,9.44,inf,1.0
-inf,4.223,-4.848,-7.504,inf,1.0
-14280.0,-3.027,-1.38,-3.697,14280.0,1.0
-5896.0,-2.043,0.6436,-6.4,5896.0,1.0
-inf,-0.0799,9.336,2.494,inf,1.0
-inf,4.5,-6.07,0.06445,inf,1.0
-inf,-1.607,-9.55,-0.2942,inf,1.0
-inf,-0.02094,6.094,-0.0454,inf,1.0
-inf,-5.035,-6.824,8.99,inf,1.0
-inf,2.557,5.242,-8.07,inf,1.0
-56000.0,0.2301,4.914,0.9717,56000.0,1.0
-inf,7.324,9.69,-8.734,inf,1.0
-inf,-9.7,-4.47,-4.027,inf,1.0
-inf,2.479,-8.61,3.562,inf,1.0
-inf,-4.547,9.4,6.492,inf,1.0
-inf,-0.07465,-8.234,1.975,inf,1.0
-inf,2.055,6.93,-9.58,inf,1.0
-inf,-8.195,3.607,9.65,inf,1.0
-inf,-8.07,-3.283,-7.055,inf,1.0
-inf,-6.258,0.824,8.06,inf,1.0
-13940.0,3.266,0.972,7.684,13940.0,1.0
-inf,-1.727,5.89,-1.997,inf,1.0
-56500.0,4.543,-1.743,-5.008,56500.0,1.0
-inf,-5.54,1.25,2.818,inf,1.0
-inf,-9.56,-1.444,5.016,inf,1.0
-inf,8.836,-2.201,-8.73,inf,1.0
-inf,8.836,-2.465,-7.06,inf,1.0
-54800.0,-1.105,-5.31,5.727,54800.0,1.0
-inf,5.52,1.92,-3.932,inf,1.0
-inf,2.596,-8.266,-7.53,inf,1.0
-inf,5.23,-4.844,3.28,inf,1.0
-inf,0.631,-9.766,-7.43,inf,1.0
-1512.0,0.2463,-1.438,5.65,1512.0,1.0
-18340.0,0.2367,-2.002,-9.37,18340.0,1.0
-inf,-1.873,6.785,-8.67,inf,1.0
-inf,-0.578,5.754,-1.91,inf,1.0
-inf,-2.55,-7.527,9.18,inf,1.0
-inf,-7.79,0.158,6.273,inf,1.0
-inf,7.086,2.703,6.023,inf,1.0
-12200.0,2.744,-2.393,0.8823,12200.0,1.0
-inf,-5.27,1.009,-8.89,inf,1.0
-inf,-2.887,-5.93,7.977,inf,1.0
-inf,-7.35,-4.49,-4.137,inf,1.0
-inf,-5.26,-7.848,4.785,inf,1.0
-64640.0,-3.643,5.223,3.186,64640.0,1.0
-inf,3.414,-7.78,9.625,inf,1.0
-inf,-2.371,-8.836,2.035,inf,1.0
-inf,-9.24,3.135,8.02,inf,1.0
-inf,1.654,5.035,-8.56,inf,1.0
-inf,-8.93,6.312,-8.555,inf,1.0
-inf,8.55,4.58,0.3975,inf,1.0
-inf,-6.766,3.092,4.13,inf,1.0
-inf,7.37,1.231,5.76,inf,1.0
-inf,0.5703,-6.773,-8.59,inf,1.0
-inf,-5.613,3.16,-1.696,inf,1.0
-inf,3.3,8.03,-2.55,inf,1.0
-inf,4.98,9.48,-9.58,inf,1.0
-5596.0,2.357,1.562,-3.883,5596.0,1.0
-inf,5.812,7.344,-9.32,inf,1.0
-inf,-4.082,-5.355,6.438,inf,1.0
-14610.0,3.195,-0.1951,6.17,14610.0,1.0
-inf,4.01,6.547,-4.18,inf,1.0
-inf,-5.914,-6.395,-2.299,inf,1.0
-2684.0,0.113,0.1644,-5.15,2684.0,1.0
-inf,-6.0,-4.645,9.85,inf,1.0
-inf,-8.914,-6.637,-2.332,inf,1.0
-inf,-2.662,8.31,7.812,inf,1.0
-3734.0,-2.486,0.582,2.768,3734.0,1.0
-inf,-5.043,0.4648,8.54,inf,1.0
-inf,-4.406,-8.7,-7.07,inf,1.0
-inf,-9.11,-0.8804,6.8,inf,1.0
-inf,2.883,7.65,3.658,inf,1.0
-inf,-6.59,-4.168,9.67,inf,1.0
-inf,-9.6,-2.314,3.113,inf,1.0
-inf,-6.68,-8.67,4.695,inf,1.0
-inf,-9.83,-1.572,-0.05444,inf,1.0
-inf,-7.785,0.7134,6.21,inf,1.0
-inf,4.86,-9.29,3.842,inf,1.0
-inf,-7.527,0.245,-0.793,inf,1.0
-inf,1.613,8.61,-1.161,inf,1.0
-inf,-2.43,-9.234,-3.701,inf,1.0
-inf,4.363,-6.066,6.617,inf,1.0
-inf,-7.24,-3.803,0.875,inf,1.0
-1793.0,1.978,-0.253,0.8174,1793.0,1.0
-inf,6.96,-4.734,2.273,inf,1.0
-inf,8.086,4.574,-8.73,inf,1.0
-5010.0,2.68,0.4873,-2.059,5010.0,1.0
-inf,9.04,-1.115,8.664,inf,1.0
-inf,7.2,5.15,-0.1787,inf,1.0
-inf,9.29,-7.516,9.875,inf,1.0
-inf,7.973,4.965,-5.375,inf,1.0
-inf,-5.285,-9.01,-5.324,inf,1.0
-inf,9.34,-8.41,8.234,inf,1.0
-inf,4.137,-9.586,-0.577,inf,1.0
-480.5,-0.7725,1.736,1.152,480.5,1.0
-56700.0,4.76,-0.988,-1.613,56700.0,1.0
-inf,-4.668,-7.04,-8.625,inf,1.0
-inf,6.48,-6.473,4.23,inf,1.0
-inf,-1.602,7.047,8.28,inf,1.0
-48420.0,-3.61,5.426,8.79,48420.0,1.0
-44740.0,4.23,-2.463,0.3982,44740.0,1.0
-34720.0,2.145,-2.777,-9.38,34720.0,1.0
-inf,-0.2996,-9.98,-1.059,inf,1.0
-7668.0,-0.4587,-3.889,7.406,7668.0,1.0
-inf,8.08,2.785,8.21,inf,1.0
-inf,-7.504,0.7886,5.434,inf,1.0
-458.8,-0.1247,0.8555,2.7,458.8,1.0
-inf,-4.51,-6.934,-0.7295,inf,1.0
-inf,-6.023,4.01,5.867,inf,1.0
-inf,-5.29,4.156,2.418,inf,1.0
-inf,5.246,6.312,7.74,inf,1.0
-inf,6.9,-0.7466,4.71,inf,1.0
-35070.0,3.402,3.908,-1.802,35070.0,1.0
-inf,5.85,-9.62,-0.9834,inf,1.0
-inf,7.957,0.85,5.477,inf,1.0
-inf,-4.97,-6.383,-6.094,inf,1.0
-inf,6.56,-7.383,-9.45,inf,1.0
-13780.0,0.6353,1.694,-8.79,13780.0,1.0
-inf,-4.797,-8.664,-0.752,inf,1.0
-inf,-4.41,9.56,-0.4849,inf,1.0
-inf,7.34,9.85,-0.8643,inf,1.0
-inf,6.562,8.84,5.754,inf,1.0
-26910.0,-2.139,4.81,6.723,26910.0,1.0
-inf,-0.9214,6.81,1.056,inf,1.0
-inf,-0.4006,7.85,0.985,inf,1.0
-inf,8.35,-3.445,7.1,inf,1.0
-inf,7.23,6.727,2.36,inf,1.0
-32260.0,-3.893,-2.62,9.35,32260.0,1.0
-inf,-6.35,-0.3503,-1.939,inf,1.0
-inf,8.91,-4.395,7.062,inf,1.0
-inf,-6.305,-4.758,5.07,inf,1.0
-inf,-7.4,-8.41,4.33,inf,1.0
-inf,-6.31,6.07,4.87,inf,1.0
-inf,-7.83,-2.865,6.438,inf,1.0
-inf,-9.12,-7.676,-5.832,inf,1.0
-inf,-8.33,0.8345,-3.924,inf,1.0
-57020.0,-4.29,-3.328,1.214,57020.0,1.0
-inf,6.32,-6.727,-8.21,inf,1.0
-inf,9.76,5.266,7.695,inf,1.0
-inf,-6.293,4.586,-2.617,inf,1.0
-inf,7.434,-9.06,-4.086,inf,1.0
-inf,6.24,-7.855,-2.53,inf,1.0
-inf,-5.324,-5.96,0.4316,inf,1.0
-8320.0,2.307,0.0879,7.473,8320.0,1.0
-inf,-7.543,-7.426,4.57,inf,1.0
-inf,-4.777,-8.76,-4.375,inf,1.0
-inf,-7.52,4.125,-9.26,inf,1.0
-inf,-0.3164,-5.242,-6.676,inf,1.0
-inf,7.527,-6.16,6.68,inf,1.0
-22290.0,3.781,0.3389,5.426,22290.0,1.0
-inf,-3.953,9.914,-7.996,inf,1.0
-inf,7.387,-4.05,9.48,inf,1.0
-inf,-6.73,-0.7417,5.945,inf,1.0
-inf,-9.055,-4.082,-9.57,inf,1.0
-inf,-8.11,4.156,-2.898,inf,1.0
-inf,9.64,-5.05,4.797,inf,1.0
-2876.0,-0.78,1.767,8.35,2876.0,1.0
-inf,-9.47,0.922,7.906,inf,1.0
-inf,-7.832,-2.604,-8.766,inf,1.0
-inf,7.094,-8.125,-7.258,inf,1.0
-57400.0,1.236,5.434,5.87,57400.0,1.0
-inf,-8.63,-9.984,1.911,inf,1.0
-inf,-0.7676,-8.88,-6.203,inf,1.0
-13304.0,-2.898,-2.98,7.066,13304.0,1.0
-inf,2.629,9.74,9.805,inf,1.0
-inf,6.27,-5.5,-6.934,inf,1.0
-inf,9.42,5.387,-8.3,inf,1.0
-inf,9.35,-4.08,-7.62,inf,1.0
-64000.0,-5.066,0.438,-1.348,64000.0,1.0
-inf,1.779,-6.1,-9.414,inf,1.0
-inf,1.847,-6.055,2.713,inf,1.0
-63780.0,1.767,5.004,-0.1418,63780.0,1.0
-inf,0.598,-9.27,9.98,inf,1.0
-inf,7.785,9.86,8.63,inf,1.0
-inf,-8.55,-5.164,0.2236,inf,1.0
-3024.0,1.46,2.613,1.355,3024.0,1.0
-inf,3.863,4.945,-3.443,inf,1.0
-inf,-7.938,2.316,-3.855,inf,1.0
-inf,4.508,-5.242,9.64,inf,1.0
-inf,-8.805,-7.332,-8.81,inf,1.0
-inf,-9.414,-3.762,3.953,inf,1.0
-inf,6.03,-5.27,9.625,inf,1.0
-inf,-4.863,8.75,-1.716,inf,1.0
-inf,0.506,-5.137,-2.03,inf,1.0
-9470.0,-1.839,0.2397,9.266,9470.0,1.0
-inf,9.695,-9.48,2.887,inf,1.0
-5436.0,-2.838,0.749,-0.3875,5436.0,1.0
-inf,-9.766,-9.02,-9.555,inf,1.0
-inf,7.008,8.2,-9.37,inf,1.0
-inf,-5.418,-5.84,6.19,inf,1.0
-inf,7.477,2.354,-6.82,inf,1.0
-56600.0,0.431,-4.363,-4.293,56600.0,1.0
-inf,4.633,-7.066,0.1897,inf,1.0
-inf,-1.381,-6.84,9.04,inf,1.0
-inf,9.18,7.375,-9.11,inf,1.0
-inf,-7.215,-8.74,-2.555,inf,1.0
-694.0,-0.5024,-1.572,0.596,694.0,1.0
-inf,-7.7,2.867,8.95,inf,1.0
-inf,-2.328,-7.27,-9.95,inf,1.0
-inf,0.1034,9.91,2.32,inf,1.0
-inf,8.43,-8.46,-8.71,inf,1.0
-inf,-8.66,-5.0,6.05,inf,1.0
-inf,5.242,-8.46,3.873,inf,1.0
-inf,4.73,-6.066,4.63,inf,1.0
-17540.0,-3.508,-0.175,-4.37,17540.0,1.0
-inf,-4.652,6.617,5.508,inf,1.0
-1440.0,0.0404,-2.658,4.387,1440.0,1.0
-inf,-8.375,-8.414,7.484,inf,1.0
-39780.0,2.674,4.07,-3.13,39780.0,1.0
-16620.0,1.11,-3.898,3.38,16620.0,1.0
-inf,-5.816,-0.0641,3.076,inf,1.0
-inf,2.82,-5.617,6.27,inf,1.0
-inf,-5.31,3.693,-8.734,inf,1.0
-inf,4.152,6.777,7.36,inf,1.0
-13810.0,3.03,2.314,-4.176,13810.0,1.0
-inf,6.664,9.43,-0.663,inf,1.0
-3514.0,-0.3735,1.953,-1.826,3514.0,1.0
-inf,-6.164,4.594,9.625,inf,1.0
-inf,2.488,-9.77,-4.01,inf,1.0
-inf,6.043,7.89,6.95,inf,1.0
-4460.0,1.84,-2.188,8.45,4460.0,1.0
-inf,-2.645,-9.55,6.11,inf,1.0
-inf,9.336,7.74,-6.44,inf,1.0
-inf,-6.266,8.6,-4.15,inf,1.0
-26800.0,-1.841,-3.777,-0.4495,26800.0,1.0
-23920.0,-1.77,4.598,5.734,23920.0,1.0
-inf,-6.344,-2.775,4.78,inf,1.0
-400.8,0.566,0.4165,-1.824,400.8,1.0
-inf,9.82,6.895,-2.889,inf,1.0
-inf,8.64,-9.83,-8.29,inf,1.0
-inf,7.188,9.98,-5.957,inf,1.0
-inf,6.742,-6.16,-2.61,inf,1.0
-inf,6.78,-3.525,6.758,inf,1.0
-inf,9.36,4.996,-5.996,inf,1.0
-inf,-9.97,-3.025,-9.53,inf,1.0
-inf,8.02,4.086,-1.25,inf,1.0
-13270.0,-1.312,-1.66,-8.25,13270.0,1.0
-inf,-6.355,8.54,7.668,inf,1.0
-38000.0,4.496,2.205,-2.584,38000.0,1.0
-20050.0,-2.273,4.156,3.152,20050.0,1.0
-inf,-9.46,3.592,-4.723,inf,1.0
-inf,-5.387,5.316,-7.562,inf,1.0
-inf,8.03,6.086,-6.348,inf,1.0
-inf,-8.7,2.67,-1.176,inf,1.0
-16510.0,-1.326,3.025,-3.623,16510.0,1.0
-inf,2.344,-6.21,-5.914,inf,1.0
-inf,-6.87,-1.275,-8.11,inf,1.0
-inf,9.53,3.371,-5.637,inf,1.0
-inf,-7.594,-5.332,-3.68,inf,1.0
-28430.0,2.38,-2.86,-6.375,28430.0,1.0
-inf,-9.6,-5.527,4.227,inf,1.0
-12536.0,0.357,-2.502,-4.62,12536.0,1.0
-inf,-5.46,-1.774,-3.031,inf,1.0
-39500.0,1.088,-4.242,-1.1045,39500.0,1.0
-inf,-4.555,-8.734,4.902,inf,1.0
-3850.0,0.7065,2.844,2.35,3850.0,1.0
-inf,3.34,-8.76,-0.519,inf,1.0
-inf,2.408,6.24,-1.843,inf,1.0
-inf,5.543,-0.746,-9.01,inf,1.0
-inf,-8.31,8.46,-2.902,inf,1.0
-inf,8.54,-1.709,-2.611,inf,1.0
-inf,6.7,-7.74,1.901,inf,1.0
-inf,8.586,-2.727,4.918,inf,1.0
-25010.0,-3.545,1.212,-9.52,25010.0,1.0
-inf,-4.77,3.582,-4.984,inf,1.0
-inf,-8.42,-1.674,-0.3608,inf,1.0
-inf,6.535,-2.38,-3.434,inf,1.0
-15380.0,3.19,-0.1027,6.945,15380.0,1.0
-inf,9.234,5.324,1.889,inf,1.0
-12056.0,-2.627,-0.7183,-7.38,12056.0,1.0
-inf,4.34,-5.46,6.035,inf,1.0
-3182.0,2.307,0.2158,2.443,3182.0,1.0
-inf,6.168,4.66,8.88,inf,1.0
-17120.0,1.466,-3.064,-2.604,17120.0,1.0
-inf,8.61,-1.128,9.61,inf,1.0
-57920.0,-0.942,4.75,-1.19,57920.0,1.0
-inf,-4.484,-6.957,1.269,inf,1.0
-inf,7.176,-0.10156,-1.065,inf,1.0
-36930.0,2.205,-4.387,2.39,36930.0,1.0
-inf,-4.49,-3.498,-1.636,inf,1.0
-inf,3.955,-7.63,8.125,inf,1.0
-6760.0,3.021,2.232,9.45,6760.0,1.0
-3326.0,-1.691,-2.477,3.992,3326.0,1.0
-inf,8.71,-7.312,-8.266,inf,1.0
-inf,-8.32,7.26,4.156,inf,1.0
-18300.0,-0.05078,-1.998,-9.38,18300.0,1.0
-1174.0,-0.3318,-2.904,6.85,1174.0,1.0
-inf,7.93,-0.1194,1.751,inf,1.0
-inf,5.547,-3.154,8.555,inf,1.0
-inf,9.22,4.543,1.984,inf,1.0
-inf,-0.2563,8.266,-8.484,inf,1.0
-51100.0,-2.305,-4.54,0.2566,51100.0,1.0
-inf,3.389,9.77,-9.18,inf,1.0
-inf,8.53,8.77,-6.59,inf,1.0
-inf,3.184,6.055,-6.426,inf,1.0
-inf,1.401,-7.426,-6.438,inf,1.0
-inf,5.19,-1.892,9.805,inf,1.0
-inf,-7.37,2.81,-2.912,inf,1.0
-inf,8.15,4.547,-5.29,inf,1.0
-inf,-9.18,6.09,-5.668,inf,1.0
-28480.0,3.705,-3.018,7.1,28480.0,1.0
-inf,-9.45,6.12,-7.41,inf,1.0
-inf,-5.02,3.889,-6.637,inf,1.0
-inf,4.9,-9.08,-8.57,inf,1.0
-inf,-7.707,2.139,-0.527,inf,1.0
-inf,-1.951,-5.906,6.69,inf,1.0
-inf,7.008,6.156,-6.016,inf,1.0
-6316.0,-1.567,1.345,-6.06,6316.0,1.0
-inf,-5.547,-2.693,3.11,inf,1.0
-inf,-5.43,7.684,3.467,inf,1.0
-21180.0,2.191,3.637,-1.286,21180.0,1.0
-60830.0,-3.324,5.66,7.965,60830.0,1.0
-inf,2.33,-6.91,-2.266,inf,1.0
-inf,-2.447,-7.824,6.582,inf,1.0
-inf,4.77,8.82,-3.564,inf,1.0
-3604.0,0.2358,2.021,9.76,3604.0,1.0
-51520.0,-2.645,4.055,-6.07,51520.0,1.0
-12650.0,-0.7246,1.375,-9.32,12650.0,1.0
-inf,5.047,-1.8545,-5.453,inf,1.0
-10010.0,-2.92,-0.4219,-4.277,10010.0,1.0
-inf,8.61,-5.312,6.832,inf,1.0
-inf,-4.06,5.516,-4.86,inf,1.0
-2310.0,-0.2019,3.58,9.586,2310.0,1.0
-inf,-8.65,6.043,6.62,inf,1.0
-5020.0,-0.3318,-2.611,0.293,5020.0,1.0
-inf,7.645,-3.457,-3.615,inf,1.0
-inf,-5.824,1.546,-1.203,inf,1.0
-27490.0,-3.664,-3.047,7.457,27490.0,1.0
-inf,3.059,-8.875,-6.277,inf,1.0
-inf,5.066,6.17,1.941,inf,1.0
-inf,-7.47,-2.535,3.871,inf,1.0
-inf,-5.258,-1.496,-1.453,inf,1.0
-inf,7.367,7.215,9.22,inf,1.0
-inf,7.61,4.117,-2.781,inf,1.0
-inf,0.626,5.473,-5.13,inf,1.0
-inf,8.33,5.426,-6.227,inf,1.0
-inf,-2.877,-6.7,7.516,inf,1.0
-inf,-7.113,7.7,1.101,inf,1.0
-inf,-0.925,9.28,3.06,inf,1.0
-45660.0,-4.727,4.113,5.816,45660.0,1.0
-inf,7.77,3.94,2.277,inf,1.0
-inf,4.625,-3.955,7.0,inf,1.0
-inf,8.49,-0.556,8.78,inf,1.0
-inf,-0.4553,6.945,0.9277,inf,1.0
-inf,9.01,-4.34,-3.096,inf,1.0
-inf,4.137,-4.688,-4.61,inf,1.0
-inf,7.746,-8.59,-7.895,inf,1.0
-inf,1.155,6.844,-6.24,inf,1.0
-inf,-6.08,-7.242,1.743,inf,1.0
-inf,4.605,-5.934,1.746,inf,1.0
-29660.0,3.854,3.842,1.529,29660.0,1.0
-inf,-8.97,6.812,-7.906,inf,1.0
-inf,-8.06,-0.02206,-1.759,inf,1.0
-405.2,2.139,2.635,6.438,405.2,1.0
-inf,-4.945,8.3,4.66,inf,1.0
-inf,-8.984,8.484,4.977,inf,1.0
-22860.0,-3.797,2.604,-2.643,22860.0,1.0
-inf,-8.41,-1.318,-6.902,inf,1.0
-inf,-6.566,3.312,-4.137,inf,1.0
-inf,9.48,8.266,-8.93,inf,1.0
-inf,3.828,9.164,0.9062,inf,1.0
-36640.0,-4.055,-2.69,7.043,36640.0,1.0
-inf,-8.39,-5.17,8.805,inf,1.0
-inf,1.896,9.375,8.81,inf,1.0
-inf,2.49,-4.395,-8.984,inf,1.0
-inf,9.45,9.83,-2.846,inf,1.0
-inf,0.2595,9.52,4.473,inf,1.0
-inf,9.086,7.86,5.39,inf,1.0
-23630.0,3.703,-0.2286,6.504,23630.0,1.0
-inf,0.7324,6.156,-4.266,inf,1.0
-inf,-0.342,-9.56,9.7,inf,1.0
-inf,5.297,-5.742,-3.799,inf,1.0
-inf,-5.754,-3.303,4.25,inf,1.0
-inf,-3.434,-8.63,-4.08,inf,1.0
-15656.0,3.15,-1.293,-3.871,15656.0,1.0
-inf,-4.89,8.516,-6.758,inf,1.0
-inf,-3.549,-9.67,-0.003616,inf,1.0
-2009.0,1.259,-2.541,8.17,2009.0,1.0
-inf,-9.95,-0.9976,-9.36,inf,1.0
-inf,-4.844,-5.082,7.176,inf,1.0
-inf,9.89,-0.2864,1.807,inf,1.0
-inf,6.996,1.745,2.973,inf,1.0
-inf,-9.49,-4.703,-3.977,inf,1.0
-inf,9.305,5.566,2.201,inf,1.0
-51170.0,4.57,-1.645,0.6084,51170.0,1.0
-inf,-7.88,-8.414,-9.35,inf,1.0
-58880.0,4.094,5.586,9.69,58880.0,1.0
-35400.0,-3.943,-3.215,9.13,35400.0,1.0
-inf,-7.64,8.414,7.598,inf,1.0
-inf,7.27,-6.836,-1.692,inf,1.0
-inf,-8.55,6.42,-2.45,inf,1.0
-inf,-6.34,4.29,-6.117,inf,1.0
-inf,5.297,7.945,-2.729,inf,1.0
-52060.0,-4.703,0.13,6.125,52060.0,1.0
-inf,6.945,-7.766,4.77,inf,1.0
-inf,4.496,-4.637,-1.169,inf,1.0
-inf,8.54,-9.25,-10.0,inf,1.0
-inf,-7.39,6.035,0.283,inf,1.0
-inf,3.82,9.22,0.64,inf,1.0
-50600.0,0.352,4.777,0.817,50600.0,1.0
-inf,-6.64,4.746,2.863,inf,1.0
-inf,-6.188,3.572,9.17,inf,1.0
-inf,-8.56,1.421,9.125,inf,1.0
-inf,8.08,-5.63,-7.82,inf,1.0
-inf,-2.42,-9.34,9.73,inf,1.0
-inf,6.605,2.053,9.52,inf,1.0
-inf,8.734,-7.49,-8.195,inf,1.0
-inf,-2.13,-7.492,-7.082,inf,1.0
-59040.0,4.773,-1.173,-2.68,59040.0,1.0
-inf,6.684,-2.848,-3.625,inf,1.0
-inf,-3.03,-8.84,-3.59,inf,1.0
-inf,-9.32,-4.11,5.88,inf,1.0
-inf,-9.12,-7.613,-6.52,inf,1.0
-inf,-9.85,-9.39,-7.04,inf,1.0
-inf,6.062,3.598,8.04,inf,1.0
-inf,9.54,-0.904,2.465,inf,1.0
-inf,7.184,-3.293,4.695,inf,1.0
-inf,-7.1,0.5327,4.16,inf,1.0
-28850.0,-3.63,-3.139,5.18,28850.0,1.0
-inf,7.496,-0.1062,7.652,inf,1.0
-inf,-0.738,6.664,-2.63,inf,1.0
-inf,-2.68,-7.016,8.38,inf,1.0
-1967.0,2.082,0.4111,2.236,1967.0,1.0
-inf,-3.28,9.22,-8.75,inf,1.0
-inf,1.36,-8.66,-5.64,inf,1.0
-41380.0,3.436,4.9,4.863,41380.0,1.0
-inf,4.273,-8.31,-5.016,inf,1.0
-inf,-8.16,-4.004,5.117,inf,1.0
-inf,-5.254,-6.234,-2.312,inf,1.0
-inf,-1.822,-4.742,-2.81,inf,1.0
-inf,-2.938,-7.242,-5.31,inf,1.0
-inf,-5.09,9.53,-9.055,inf,1.0
-inf,4.043,-5.81,-0.676,inf,1.0
-inf,-7.68,0.0718,9.266,inf,1.0
-inf,-4.03,-3.832,-5.88,inf,1.0
-inf,1.788,-9.86,6.4,inf,1.0
-inf,-8.664,2.008,1.9375,inf,1.0
-inf,9.62,6.734,8.96,inf,1.0
-inf,-5.61,7.82,-0.883,inf,1.0
-inf,-5.19,-0.7705,3.3,inf,1.0
-inf,-8.5,8.5,7.746,inf,1.0
-3378.0,-0.9907,1.144,7.113,3378.0,1.0
-inf,-8.414,-8.2,-0.2627,inf,1.0
-inf,0.1768,6.438,-0.887,inf,1.0
-inf,8.65,-8.72,3.992,inf,1.0
-inf,-5.387,2.582,-5.63,inf,1.0
-inf,9.99,-8.0,-5.992,inf,1.0
-17280.0,-2.13,-2.035,-7.24,17280.0,1.0
-12380.0,-1.229,-4.22,8.28,12380.0,1.0
-inf,5.816,2.512,9.06,inf,1.0
-inf,4.277,-9.33,6.25,inf,1.0
-inf,-5.875,5.688,-2.145,inf,1.0
-inf,3.805,9.46,-9.13,inf,1.0
-inf,-9.83,9.17,-6.547,inf,1.0
-inf,-2.352,9.3,-5.184,inf,1.0
-inf,3.799,6.63,-1.927,inf,1.0
-1130.0,-1.305,0.1951,3.033,1130.0,1.0
-inf,3.775,4.83,-2.904,inf,1.0
-inf,-4.992,-6.086,9.17,inf,1.0
-8550.0,2.256,-2.287,-0.3306,8550.0,1.0
-inf,8.195,9.055,-9.88,inf,1.0
-inf,7.527,8.875,-1.28,inf,1.0
-inf,8.27,-1.264,8.44,inf,1.0
-inf,-8.44,-7.746,3.447,inf,1.0
-inf,-5.44,6.938,3.742,inf,1.0
-12984.0,-0.547,2.918,-2.576,12984.0,1.0
-inf,-2.572,-6.78,2.498,inf,1.0
-inf,-8.84,8.81,-0.812,inf,1.0
-inf,0.866,6.457,-4.01,inf,1.0
-inf,-9.51,8.1,-3.291,inf,1.0
-inf,-5.24,7.09,0.05862,inf,1.0
-inf,9.41,-3.889,2.785,inf,1.0
-19340.0,3.422,1.318,-7.496,19340.0,1.0
-inf,0.63,8.664,1.644,inf,1.0
-58200.0,0.8203,-4.77,-0.736,58200.0,1.0
-inf,-9.46,6.695,-3.502,inf,1.0
-inf,1.29,6.504,4.766,inf,1.0
-inf,-5.6,-5.27,1.872,inf,1.0
-inf,-5.71,0.3035,3.338,inf,1.0
-inf,-7.35,3.756,-5.707,inf,1.0
-inf,6.652,-8.52,-6.73,inf,1.0
-inf,8.164,5.812,9.35,inf,1.0
-inf,-3.139,7.348,0.188,inf,1.0
-inf,-8.17,-7.207,-0.2275,inf,1.0
-inf,8.49,4.473,-4.367,inf,1.0
-inf,3.377,5.54,-8.84,inf,1.0
-26400.0,-2.152,-4.57,7.496,26400.0,1.0
-inf,6.055,-5.45,-1.522,inf,1.0
-inf,-4.227,-5.508,-2.074,inf,1.0
-inf,0.9634,-8.42,-9.914,inf,1.0
-inf,-9.46,3.348,0.2394,inf,1.0
-inf,1.618,-8.57,5.23,inf,1.0
-inf,5.594,0.931,-3.11,inf,1.0
-inf,1.16,-8.3,2.86,inf,1.0
-inf,-1.562,-8.81,-2.27,inf,1.0
-inf,-8.12,-4.53,-2.088,inf,1.0
-inf,-3.229,9.12,3.32,inf,1.0
-inf,8.234,1.697,0.462,inf,1.0
-inf,-6.727,-5.996,3.477,inf,1.0
-21070.0,-0.991,-2.758,-6.414,21070.0,1.0
-57300.0,4.86,-0.313,0.951,57300.0,1.0
-inf,-1.347,-6.33,7.645,inf,1.0
-inf,5.914,8.83,8.984,inf,1.0
-8480.0,3.05,3.195,3.33,8480.0,1.0
-35780.0,2.688,5.066,6.895,35780.0,1.0
-inf,7.426,9.12,1.247,inf,1.0
-49700.0,-3.607,-4.414,5.598,49700.0,1.0
-854.0,0.7007,0.6143,-2.543,854.0,1.0
-inf,-6.773,6.316,-9.52,inf,1.0
-inf,6.215,-9.72,-5.08,inf,1.0
-inf,-5.55,-1.087,8.664,inf,1.0
-inf,-1.163,7.934,8.37,inf,1.0
-inf,-7.836,1.369,-1.124,inf,1.0
-inf,-1.683,8.984,-8.97,inf,1.0
-inf,-4.633,9.21,6.727,inf,1.0
-22850.0,-3.93,1.103,5.99,22850.0,1.0
-inf,6.645,1.853,-6.81,inf,1.0
-inf,3.69,-6.64,4.734,inf,1.0
-inf,-3.291,7.85,-5.0,inf,1.0
-inf,6.69,-9.195,-1.61,inf,1.0
-327.2,-0.01895,-0.1694,-1.766,327.2,1.0
-inf,-2.55,-6.008,-6.195,inf,1.0
-inf,5.85,3.94,4.098,inf,1.0
-inf,5.31,-6.01,5.582,inf,1.0
-inf,-3.635,6.71,-2.629,inf,1.0
-inf,-3.355,8.8,-3.717,inf,1.0
-inf,3.842,-4.375,-4.93,inf,1.0
-inf,2.924,5.07,-4.723,inf,1.0
-inf,-5.184,-9.23,6.945,inf,1.0
-37.7,-1.677,2.53,5.95,37.7,1.0
-inf,6.55,2.855,3.64,inf,1.0
-inf,4.168,-5.902,-0.806,inf,1.0
-inf,-9.17,-8.164,2.668,inf,1.0
-33730.0,3.99,-1.13,8.1,33730.0,1.0
-inf,-4.02,-4.12,-8.25,inf,1.0
-8330.0,-1.551,2.24,-4.105,8330.0,1.0
-inf,-1.16,-5.52,-5.98,inf,1.0
-inf,-3.41,-6.1,-1.195,inf,1.0
-inf,-7.562,-9.4,3.695,inf,1.0
-inf,-7.996,-6.664,6.82,inf,1.0
-inf,3.352,-6.02,6.43,inf,1.0
-inf,5.277,-5.035,-7.99,inf,1.0
-inf,8.17,8.72,6.92,inf,1.0
-23.25,-1.054,1.12,1.691,23.25,1.0
-inf,-9.48,-7.0,-3.975,inf,1.0
-inf,9.27,-8.79,-4.293,inf,1.0
-inf,5.527,-7.84,-5.938,inf,1.0
-inf,8.664,1.102,-2.078,inf,1.0
-inf,-0.2532,8.4,-2.799,inf,1.0
-inf,-1.626,-6.582,-2.854,inf,1.0
-inf,-2.152,-9.68,-4.49,inf,1.0
-inf,-6.34,-5.75,3.33,inf,1.0
-inf,-6.1,-6.13,-9.89,inf,1.0
-inf,4.555,-7.508,-0.8706,inf,1.0
-inf,-3.04,-9.72,-0.041,inf,1.0
-inf,-5.234,-7.613,-1.128,inf,1.0
-8790.0,1.373,4.035,7.168,8790.0,1.0
-18460.0,3.92,2.207,8.27,18460.0,1.0
-inf,1.661,-7.47,-8.89,inf,1.0
-38560.0,-4.164,-1.262,-4.688,38560.0,1.0
-17300.0,-2.326,3.44,-1.17,17300.0,1.0
-19570.0,-3.244,0.1989,-9.38,19570.0,1.0
-5876.0,-1.727,2.25,-2.566,5876.0,1.0
-inf,-6.246,3.387,-7.594,inf,1.0
-inf,2.633,-7.484,-3.928,inf,1.0
-21900.0,2.107,3.252,-4.176,21900.0,1.0
-inf,6.9,-5.38,6.05,inf,1.0
-inf,4.734,2.637,-9.64,inf,1.0
-inf,6.22,-8.86,4.12,inf,1.0
-inf,-9.53,4.7,7.453,inf,1.0
-inf,-7.867,6.47,0.7324,inf,1.0
-inf,7.87,2.94,3.17,inf,1.0
-14020.0,-3.057,-1.277,6.844,14020.0,1.0
-inf,-5.23,-6.8,-3.734,inf,1.0
-381.0,0.6504,0.671,-1.485,381.0,1.0
-inf,-8.06,0.706,1.578,inf,1.0
-inf,-4.215,9.234,6.035,inf,1.0
-14540.0,1.85,-3.236,0.4243,14540.0,1.0
-58560.0,-4.86,0.7993,-7.42,58560.0,1.0
-48700.0,-1.536,-3.662,-7.81,48700.0,1.0
